{
    "NOTICE": "Do Not Manually Edit The File, This Will Get Regenerated Automatically",
    "name": ".",
    "type": "directory",
    "children": [
        {
            "name": ".gitattributes",
            "type": "file"
        },
        {
            "name": ".github",
            "type": "directory",
            "children": [
                {
                    "name": "workflows",
                    "type": "directory",
                    "children": [
                        {
                            "name": "FOR_GITHUB_ACTION_ONLY.py",
                            "type": "file"
                        },
                        {
                            "name": "codeql-analysis.yml",
                            "type": "file"
                        },
                        {
                            "name": "main.yml",
                            "type": "file"
                        }
                    ]
                }
            ]
        },
        {
            "name": ".gitignore",
            "type": "file"
        },
        {
            "name": ".vscode",
            "type": "directory",
            "children": [
                {
                    "name": "settings.json",
                    "type": "file"
                }
            ]
        },
        {
            "name": "CREDITS.md",
            "type": "file"
        },
        {
            "name": "LICENSE",
            "type": "file"
        },
        {
            "name": "ReadMe.md",
            "type": "file"
        },
        {
            "name": "build.mjs",
            "type": "file"
        },
        {
            "name": "package-lock.json",
            "type": "file"
        },
        {
            "name": "package.json",
            "type": "file"
        },
        {
            "name": "src",
            "type": "directory",
            "children": [
                {
                    "name": "404.html",
                    "type": "file"
                },
                {
                    "name": "classic-project",
                    "type": "directory",
                    "children": [
                        {
                            "name": "MSDOS.html",
                            "type": "file"
                        },
                        {
                            "name": "Vigenere_Cipher.html",
                            "type": "file"
                        },
                        {
                            "name": "captcha.html",
                            "type": "file"
                        },
                        {
                            "name": "commit.html",
                            "type": "file"
                        },
                        {
                            "name": "commit_table.html",
                            "type": "file"
                        },
                        {
                            "name": "compatible",
                            "type": "directory",
                            "children": [
                                {
                                    "name": ".gitlab-ci.yml",
                                    "type": "file"
                                },
                                {
                                    "name": "about.html",
                                    "type": "file"
                                },
                                {
                                    "name": "credit.html",
                                    "type": "file"
                                },
                                {
                                    "name": "gallery.html",
                                    "type": "file"
                                },
                                {
                                    "name": "google0d0804a11aec577f.html",
                                    "type": "file"
                                },
                                {
                                    "name": "home.html",
                                    "type": "file"
                                },
                                {
                                    "name": "index.html",
                                    "type": "file"
                                },
                                {
                                    "name": "style.css",
                                    "type": "file"
                                },
                                {
                                    "name": "website",
                                    "type": "directory",
                                    "children": [
                                        {
                                            "name": "image",
                                            "type": "directory",
                                            "children": [
                                                {
                                                    "name": "1.png",
                                                    "type": "file"
                                                },
                                                {
                                                    "name": "2.png",
                                                    "type": "file"
                                                },
                                                {
                                                    "name": "3.png",
                                                    "type": "file"
                                                },
                                                {
                                                    "name": "4.png",
                                                    "type": "file"
                                                },
                                                {
                                                    "name": "5.png",
                                                    "type": "file"
                                                },
                                                {
                                                    "name": "6.png",
                                                    "type": "file"
                                                },
                                                {
                                                    "name": "7.png",
                                                    "type": "file"
                                                },
                                                {
                                                    "name": "8.png",
                                                    "type": "file"
                                                },
                                                {
                                                    "name": "9.png",
                                                    "type": "file"
                                                },
                                                {
                                                    "name": "Untitled1.png",
                                                    "type": "file"
                                                },
                                                {
                                                    "name": "background.png",
                                                    "type": "file"
                                                },
                                                {
                                                    "name": "github.png",
                                                    "type": "file"
                                                },
                                                {
                                                    "name": "gitlab.png",
                                                    "type": "file"
                                                },
                                                {
                                                    "name": "plannet_minecraft.png",
                                                    "type": "file"
                                                }
                                            ]
                                        }
                                    ]
                                }
                            ]
                        },
                        {
                            "name": "console.html",
                            "type": "file"
                        },
                        {
                            "name": "dir_listing.html",
                            "type": "file"
                        },
                        {
                            "name": "gtpl.py",
                            "type": "file"
                        },
                        {
                            "name": "numberguessgame.html",
                            "type": "file"
                        },
                        {
                            "name": "old_commit_table.html",
                            "type": "file"
                        },
                        {
                            "name": "soope.html",
                            "type": "file"
                        }
                    ]
                },
                {
                    "name": "home.pug",
                    "type": "file"
                },
                {
                    "name": "index.pug",
                    "type": "file"
                },
                {
                    "name": "old",
                    "type": "directory",
                    "children": [
                        {
                            "name": "Redstone.png",
                            "type": "file"
                        },
                        {
                            "name": "Redstone.svg",
                            "type": "file"
                        },
                        {
                            "name": "_manifest.json.old",
                            "type": "file"
                        },
                        {
                            "name": "arrow.svg",
                            "type": "file"
                        },
                        {
                            "name": "circuit_board.png",
                            "type": "file"
                        },
                        {
                            "name": "circuit_board.svg",
                            "type": "file"
                        },
                        {
                            "name": "circuit_board_modified.png",
                            "type": "file"
                        },
                        {
                            "name": "logo_long.svg",
                            "type": "file"
                        },
                        {
                            "name": "noice.jpg",
                            "type": "file"
                        },
                        {
                            "name": "old2_social_image.xcf",
                            "type": "file"
                        },
                        {
                            "name": "old2_social_preview.png",
                            "type": "file"
                        },
                        {
                            "name": "old_logo",
                            "type": "directory",
                            "children": [
                                {
                                    "name": "favicon.ico",
                                    "type": "file"
                                },
                                {
                                    "name": "loading.gif",
                                    "type": "file"
                                },
                                {
                                    "name": "logo.png",
                                    "type": "file"
                                },
                                {
                                    "name": "logo.svg",
                                    "type": "file"
                                },
                                {
                                    "name": "logo_rotate.gif",
                                    "type": "file"
                                },
                                {
                                    "name": "logo_rotate.xcf",
                                    "type": "file"
                                },
                                {
                                    "name": "redstone_dust_icon.svg",
                                    "type": "file"
                                }
                            ]
                        },
                        {
                            "name": "secret_.png",
                            "type": "file"
                        },
                        {
                            "name": "sitemap.xml",
                            "type": "file"
                        },
                        {
                            "name": "social_preview.png.old",
                            "type": "file"
                        }
                    ]
                },
                {
                    "name": "project.pug",
                    "type": "file"
                },
                {
                    "name": "random-project",
                    "type": "directory",
                    "children": [
                        {
                            "name": "coming_soon.html",
                            "type": "file"
                        },
                        {
                            "name": "discord_tag.html",
                            "type": "file"
                        },
                        {
                            "name": "loop.html",
                            "type": "file"
                        },
                        {
                            "name": "message_en_de.html",
                            "type": "file"
                        },
                        {
                            "name": "text_to_the_periodic_table",
                            "type": "directory",
                            "children": [
                                {
                                    "name": "fonts",
                                    "type": "directory",
                                    "children": [
                                        {
                                            "name": "Montserrat-Regular.ttf",
                                            "type": "file"
                                        },
                                        {
                                            "name": "SourceCodePro-Regular.ttf",
                                            "type": "file"
                                        },
                                        {
                                            "name": "UbuntuMono-Regular.ttf",
                                            "type": "file"
                                        }
                                    ]
                                },
                                {
                                    "name": "index.html",
                                    "type": "file"
                                },
                                {
                                    "name": "index.pug",
                                    "type": "file"
                                },
                                {
                                    "name": "script",
                                    "type": "directory",
                                    "children": [
                                        {
                                            "name": "script.js",
                                            "type": "file"
                                        },
                                        {
                                            "name": "script.js.map",
                                            "type": "file"
                                        },
                                        {
                                            "name": "script.ts",
                                            "type": "file"
                                        }
                                    ]
                                },
                                {
                                    "name": "style",
                                    "type": "directory",
                                    "children": [
                                        {
                                            "name": "style.css",
                                            "type": "file"
                                        },
                                        {
                                            "name": "style.css.map",
                                            "type": "file"
                                        },
                                        {
                                            "name": "style.scss",
                                            "type": "file"
                                        }
                                    ]
                                }
                            ]
                        },
                        {
                            "name": "texteditor_basic.html",
                            "type": "file"
                        },
                        {
                            "name": "texteditor_html.html",
                            "type": "file"
                        },
                        {
                            "name": "twofa.py",
                            "type": "file"
                        },
                        {
                            "name": "webdriver_torso.html",
                            "type": "file"
                        }
                    ]
                },
                {
                    "name": "robots.txt",
                    "type": "file"
                },
                {
                    "name": "social_link.pug",
                    "type": "file"
                },
                {
                    "name": "template",
                    "type": "directory",
                    "children": [
                        {
                            "name": "_pmod_footer.pug",
                            "type": "file"
                        },
                        {
                            "name": "_pmod_head_metadata.pug",
                            "type": "file"
                        },
                        {
                            "name": "_pmod_header.pug",
                            "type": "file"
                        },
                        {
                            "name": "_pmod_mixins.pug",
                            "type": "file"
                        },
                        {
                            "name": "_pmod_noscript.pug",
                            "type": "file"
                        },
                        {
                            "name": "_pmod_preload.pug",
                            "type": "file"
                        }
                    ]
                },
                {
                    "name": "website",
                    "type": "directory",
                    "children": [
                        {
                            "name": "fonts",
                            "type": "directory",
                            "children": [
                                {
                                    "name": "NotoSansMono.ttf",
                                    "type": "file"
                                },
                                {
                                    "name": "SourceCodePro.ttf",
                                    "type": "file"
                                }
                            ]
                        },
                        {
                            "name": "image",
                            "type": "directory",
                            "children": [
                                {
                                    "name": "contact_page",
                                    "type": "directory",
                                    "children": [
                                        {
                                            "name": "discord.svg",
                                            "type": "file"
                                        },
                                        {
                                            "name": "discord_org.svg",
                                            "type": "file"
                                        },
                                        {
                                            "name": "email.svg",
                                            "type": "file"
                                        },
                                        {
                                            "name": "github.svg",
                                            "type": "file"
                                        },
                                        {
                                            "name": "gitlab.svg",
                                            "type": "file"
                                        },
                                        {
                                            "name": "gitlab_old.svg",
                                            "type": "file"
                                        },
                                        {
                                            "name": "itch.io.svg",
                                            "type": "file"
                                        },
                                        {
                                            "name": "mastodon.svg",
                                            "type": "file"
                                        },
                                        {
                                            "name": "old_planet_minecraft.svg",
                                            "type": "file"
                                        },
                                        {
                                            "name": "pgp_key.svg",
                                            "type": "file"
                                        },
                                        {
                                            "name": "planet_minecraft.svg",
                                            "type": "file"
                                        },
                                        {
                                            "name": "revolt.chat.svg",
                                            "type": "file"
                                        },
                                        {
                                            "name": "steam.svg",
                                            "type": "file"
                                        },
                                        {
                                            "name": "twitter.svg",
                                            "type": "file"
                                        }
                                    ]
                                },
                                {
                                    "name": "home_page",
                                    "type": "directory",
                                    "children": [
                                        {
                                            "name": "building_block_of_internet.svg",
                                            "type": "file"
                                        },
                                        {
                                            "name": "building_block_of_my_website.svg",
                                            "type": "file"
                                        },
                                        {
                                            "name": "gift.svg",
                                            "type": "file"
                                        },
                                        {
                                            "name": "gift_100_bill.svg",
                                            "type": "file"
                                        },
                                        {
                                            "name": "gift_flappy_bird.svg",
                                            "type": "file"
                                        },
                                        {
                                            "name": "gift_sublime_text_license_key.svg",
                                            "type": "file"
                                        }
                                    ]
                                },
                                {
                                    "name": "label",
                                    "type": "directory",
                                    "children": [
                                        {
                                            "name": "3_years_of_service.svg",
                                            "type": "file"
                                        },
                                        {
                                            "name": "3_years_of_service_optimized.svg",
                                            "type": "file"
                                        },
                                        {
                                            "name": "certified_preschooler.svg",
                                            "type": "file"
                                        },
                                        {
                                            "name": "certified_preschooler_optimized.svg",
                                            "type": "file"
                                        },
                                        {
                                            "name": "source_on_github.svg",
                                            "type": "file"
                                        },
                                        {
                                            "name": "source_on_github_optimized.svg",
                                            "type": "file"
                                        },
                                        {
                                            "name": "work_without_javascript.svg",
                                            "type": "file"
                                        },
                                        {
                                            "name": "work_without_javascript_optimized.svg",
                                            "type": "file"
                                        }
                                    ]
                                },
                                {
                                    "name": "logo",
                                    "type": "directory",
                                    "children": [
                                        {
                                            "name": "favicon.ico",
                                            "type": "file"
                                        },
                                        {
                                            "name": "logo.png",
                                            "type": "file"
                                        },
                                        {
                                            "name": "logo.svg",
                                            "type": "file"
                                        },
                                        {
                                            "name": "logo.xcf",
                                            "type": "file"
                                        },
                                        {
                                            "name": "logo_transparent.svg",
                                            "type": "file"
                                        }
                                    ]
                                },
                                {
                                    "name": "minus.svg",
                                    "type": "file"
                                },
                                {
                                    "name": "plus.svg",
                                    "type": "file"
                                },
                                {
                                    "name": "social_preview.png",
                                    "type": "file"
                                },
                                {
                                    "name": "social_preview.xcf",
                                    "type": "file"
                                },
                                {
                                    "name": "sus_.png",
                                    "type": "file"
                                }
                            ]
                        },
                        {
                            "name": "json",
                            "type": "directory",
                            "children": [
                                {
                                    "name": "commit_data.json",
                                    "type": "file"
                                },
                                {
                                    "name": "directory_listing.json",
                                    "type": "file"
                                }
                            ]
                        },
                        {
                            "name": "script",
                            "type": "directory",
                            "children": [
                                {
                                    "name": "home_page",
                                    "type": "directory",
                                    "children": [
                                        {
                                            "name": "home.ts",
                                            "type": "file"
                                        }
                                    ]
                                },
                                {
                                    "name": "index_page",
                                    "type": "directory",
                                    "children": [
                                        {
                                            "name": "index.ts",
                                            "type": "file"
                                        }
                                    ]
                                },
                                {
                                    "name": "preload.ts",
                                    "type": "file"
                                },
                                {
                                    "name": "project_page",
                                    "type": "directory",
                                    "children": [
                                        {
                                            "name": "project.ts",
                                            "type": "file"
                                        }
                                    ]
                                },
                                {
                                    "name": "script.ts",
                                    "type": "file"
                                },
                                {
                                    "name": "social_link_page",
                                    "type": "directory",
                                    "children": [
                                        {
                                            "name": "social_link.ts",
                                            "type": "file"
                                        }
                                    ]
                                }
                            ]
                        },
                        {
                            "name": "sound",
                            "type": "directory",
                            "children": [
                                {
                                    "name": "fart.mp3",
                                    "type": "file"
                                }
                            ]
                        },
                        {
                            "name": "style",
                            "type": "directory",
                            "children": [
                                {
                                    "name": "_variables.scss",
                                    "type": "file"
                                },
                                {
                                    "name": "home_page",
                                    "type": "directory",
                                    "children": [
                                        {
                                            "name": "home.scss",
                                            "type": "file"
                                        }
                                    ]
                                },
                                {
                                    "name": "index_page",
                                    "type": "directory",
                                    "children": [
                                        {
                                            "name": "index.scss",
                                            "type": "file"
                                        }
                                    ]
                                },
                                {
                                    "name": "project_page",
                                    "type": "directory",
                                    "children": [
                                        {
                                            "name": "project.scss",
                                            "type": "file"
                                        }
                                    ]
                                },
                                {
                                    "name": "social_link_page",
                                    "type": "directory",
                                    "children": [
                                        {
                                            "name": "social_link.scss",
                                            "type": "file"
                                        }
                                    ]
                                },
                                {
                                    "name": "style.scss",
                                    "type": "file"
                                }
                            ]
                        }
                    ]
                }
            ]
        },
        {
            "name": "tsconfig.json",
            "type": "file"
        }
    ]
}