{
    "NOTICE": "Do Not Manually Edit The File, This Will Get Regenerated Automatically",
    "name": ".",
    "type": "directory",
    "children": [
        {
            "name": ".gitattributes",
            "type": "file"
        },
        {
            "name": ".github",
            "type": "directory",
            "children": [
                {
                    "name": "workflows",
                    "type": "directory",
                    "children": [
                        {
                            "name": "FOR_GITHUB_ACTION_ONLY.py",
                            "type": "file"
                        },
                        {
                            "name": "codeql-analysis.yml",
                            "type": "file"
                        },
                        {
                            "name": "main.yml",
                            "type": "file"
                        }
                    ]
                }
            ]
        },
        {
            "name": ".gitignore",
            "type": "file"
        },
        {
            "name": ".vs",
            "type": "directory",
            "children": [
                {
                    "name": "ProjectSettings.json",
                    "type": "file"
                },
                {
                    "name": "QuanMCPC.github.io",
                    "type": "directory",
                    "children": [
                        {
                            "name": "config",
                            "type": "directory",
                            "children": [
                                {
                                    "name": "applicationhost.config",
                                    "type": "file"
                                }
                            ]
                        },
                        {
                            "name": "v16",
                            "type": "directory",
                            "children": [
                                {
                                    "name": ".suo",
                                    "type": "file"
                                }
                            ]
                        }
                    ]
                },
                {
                    "name": "VSWorkspaceState.json",
                    "type": "file"
                },
                {
                    "name": "slnx.sqlite",
                    "type": "file"
                }
            ]
        },
        {
            "name": ".vscode",
            "type": "directory",
            "children": [
                {
                    "name": "settings.json",
                    "type": "file"
                },
                {
                    "name": "tasks.json",
                    "type": "file"
                }
            ]
        },
        {
            "name": "404.html",
            "type": "file"
        },
        {
            "name": "CNAME",
            "type": "file"
        },
        {
            "name": "LICENSE",
            "type": "file"
        },
        {
            "name": "ReadMe.md",
            "type": "file"
        },
        {
            "name": "about.html",
            "type": "file"
        },
        {
            "name": "archive",
            "type": "directory",
            "children": [
                {
                    "name": "Attempt_To_Create_A_OS.7z",
                    "type": "file"
                },
                {
                    "name": "GIMP_Project_File.zip",
                    "type": "file"
                },
                {
                    "name": "ReadMe.WTOS.zip",
                    "type": "file"
                },
                {
                    "name": "Redstone_Animation.zip",
                    "type": "file"
                },
                {
                    "name": "Redstone_NoTransparent.zip",
                    "type": "file"
                },
                {
                    "name": "TextTypingInterface(MSDOSv2).7z",
                    "type": "file"
                },
                {
                    "name": "Unused_image.zip",
                    "type": "file"
                },
                {
                    "name": "a.7z",
                    "type": "file"
                },
                {
                    "name": "ban_warning.zip",
                    "type": "file"
                },
                {
                    "name": "basic_backup.zip",
                    "type": "file"
                },
                {
                    "name": "file_listing.json",
                    "type": "file"
                },
                {
                    "name": "get_file_info_for_archive.py",
                    "type": "file"
                },
                {
                    "name": "high_quality_skybox.7z",
                    "type": "file"
                },
                {
                    "name": "how_to_write_file_size.json.txt",
                    "type": "file"
                },
                {
                    "name": "image.zip",
                    "type": "file"
                },
                {
                    "name": "index-cli.7z",
                    "type": "file"
                },
                {
                    "name": "index.html",
                    "type": "file"
                },
                {
                    "name": "lite.old.zip",
                    "type": "file"
                },
                {
                    "name": "more_old_image.7z",
                    "type": "file"
                },
                {
                    "name": "old.7z",
                    "type": "file"
                },
                {
                    "name": "old_background.zip",
                    "type": "file"
                },
                {
                    "name": "old_serviceworker.zip",
                    "type": "file"
                },
                {
                    "name": "old_version.7z",
                    "type": "file"
                },
                {
                    "name": "panorama.7z",
                    "type": "file"
                },
                {
                    "name": "panorama_og_image.7z",
                    "type": "file"
                },
                {
                    "name": "panorama_old.7z",
                    "type": "file"
                },
                {
                    "name": "proof_of_concept.7z",
                    "type": "file"
                },
                {
                    "name": "secret_stuff.mkcert.exe.7z",
                    "type": "file"
                },
                {
                    "name": "signature.7z",
                    "type": "file"
                },
                {
                    "name": "social_preview_image.7z",
                    "type": "file"
                },
                {
                    "name": "stuff.png",
                    "type": "file"
                },
                {
                    "name": "svg_icon.zip",
                    "type": "file"
                },
                {
                    "name": "template.zip",
                    "type": "file"
                },
                {
                    "name": "unused_section_of_website.zip",
                    "type": "file"
                },
                {
                    "name": "useless_project.7z",
                    "type": "file"
                },
                {
                    "name": "wtos_old_icon.zip",
                    "type": "file"
                }
            ]
        },
        {
            "name": "basic",
            "type": "directory",
            "children": [
                {
                    "name": "index.html",
                    "type": "file"
                }
            ]
        },
        {
            "name": "credit.html",
            "type": "file"
        },
        {
            "name": "dir_listing.html",
            "type": "file"
        },
        {
            "name": "dist",
            "type": "directory",
            "children": [
                {
                    "name": "index.dev.js",
                    "type": "file"
                },
                {
                    "name": "serviceworker.dev.js",
                    "type": "file"
                }
            ]
        },
        {
            "name": "download",
            "type": "directory",
            "children": [
                {
                    "name": "High_Quality_Backgrounds.7z",
                    "type": "file"
                },
                {
                    "name": "ScreenShots_HighQuality_tga.7z",
                    "type": "file"
                },
                {
                    "name": "current_image_png.zip",
                    "type": "file"
                },
                {
                    "name": "data-to-get-screenshot.yml",
                    "type": "file"
                },
                {
                    "name": "old_image.zip",
                    "type": "file"
                }
            ]
        },
        {
            "name": "download.html",
            "type": "file"
        },
        {
            "name": "gallery.html",
            "type": "file"
        },
        {
            "name": "google0d0804a11aec577f.html",
            "type": "file"
        },
        {
            "name": "home.html",
            "type": "file"
        },
        {
            "name": "index.html",
            "type": "file"
        },
        {
            "name": "index.js",
            "type": "file"
        },
        {
            "name": "manifest.json",
            "type": "file"
        },
        {
            "name": "offline.html",
            "type": "file"
        },
        {
            "name": "other_project",
            "type": "directory",
            "children": [
                {
                    "name": "INBOSH",
                    "type": "directory",
                    "children": [
                        {
                            "name": "CHANGELOG.md",
                            "type": "file"
                        },
                        {
                            "name": "INBOSH.html",
                            "type": "file"
                        },
                        {
                            "name": "INBOSH.ico",
                            "type": "file"
                        },
                        {
                            "name": "INBOSH.js",
                            "type": "file"
                        },
                        {
                            "name": "INBOSH.js.map",
                            "type": "file"
                        },
                        {
                            "name": "INBOSH.png",
                            "type": "file"
                        },
                        {
                            "name": "INBOSH.ts",
                            "type": "file"
                        },
                        {
                            "name": "Inconsolata-Regular.ttf",
                            "type": "file"
                        },
                        {
                            "name": "make_license_key.html",
                            "type": "file"
                        }
                    ]
                },
                {
                    "name": "MSDOS.html",
                    "type": "file"
                },
                {
                    "name": "Vigenere_Cipher.html",
                    "type": "file"
                },
                {
                    "name": "captcha.html",
                    "type": "file"
                },
                {
                    "name": "coming_soon.html",
                    "type": "file"
                },
                {
                    "name": "commit.html",
                    "type": "file"
                },
                {
                    "name": "commit_table.html",
                    "type": "file"
                },
                {
                    "name": "compatible",
                    "type": "directory",
                    "children": [
                        {
                            "name": ".gitlab-ci.yml",
                            "type": "file"
                        },
                        {
                            "name": "about.html",
                            "type": "file"
                        },
                        {
                            "name": "credit.html",
                            "type": "file"
                        },
                        {
                            "name": "gallery.html",
                            "type": "file"
                        },
                        {
                            "name": "google0d0804a11aec577f.html",
                            "type": "file"
                        },
                        {
                            "name": "home.html",
                            "type": "file"
                        },
                        {
                            "name": "index.html",
                            "type": "file"
                        },
                        {
                            "name": "style.css",
                            "type": "file"
                        },
                        {
                            "name": "website",
                            "type": "directory",
                            "children": [
                                {
                                    "name": "image",
                                    "type": "directory",
                                    "children": [
                                        {
                                            "name": "1.png",
                                            "type": "file"
                                        },
                                        {
                                            "name": "2.png",
                                            "type": "file"
                                        },
                                        {
                                            "name": "3.png",
                                            "type": "file"
                                        },
                                        {
                                            "name": "4.png",
                                            "type": "file"
                                        },
                                        {
                                            "name": "5.png",
                                            "type": "file"
                                        },
                                        {
                                            "name": "6.png",
                                            "type": "file"
                                        },
                                        {
                                            "name": "7.png",
                                            "type": "file"
                                        },
                                        {
                                            "name": "8.png",
                                            "type": "file"
                                        },
                                        {
                                            "name": "9.png",
                                            "type": "file"
                                        },
                                        {
                                            "name": "Untitled1.png",
                                            "type": "file"
                                        },
                                        {
                                            "name": "background.png",
                                            "type": "file"
                                        },
                                        {
                                            "name": "github.png",
                                            "type": "file"
                                        },
                                        {
                                            "name": "gitlab.png",
                                            "type": "file"
                                        },
                                        {
                                            "name": "plannet_minecraft.png",
                                            "type": "file"
                                        }
                                    ]
                                }
                            ]
                        }
                    ]
                },
                {
                    "name": "console.html",
                    "type": "file"
                },
                {
                    "name": "discord_tag.html",
                    "type": "file"
                },
                {
                    "name": "gtpl.py",
                    "type": "file"
                },
                {
                    "name": "loop.html",
                    "type": "file"
                },
                {
                    "name": "message_en_de.html",
                    "type": "file"
                },
                {
                    "name": "numberguessgame.html",
                    "type": "file"
                },
                {
                    "name": "panorama",
                    "type": "directory",
                    "children": [
                        {
                            "name": "behind.png",
                            "type": "file"
                        },
                        {
                            "name": "bottom.png",
                            "type": "file"
                        },
                        {
                            "name": "front.png",
                            "type": "file"
                        },
                        {
                            "name": "index.html",
                            "type": "file"
                        },
                        {
                            "name": "left.png",
                            "type": "file"
                        },
                        {
                            "name": "right.png",
                            "type": "file"
                        },
                        {
                            "name": "top.png",
                            "type": "file"
                        }
                    ]
                },
                {
                    "name": "soope.html",
                    "type": "file"
                },
                {
                    "name": "texteditor_basic.html",
                    "type": "file"
                },
                {
                    "name": "texteditor_html.html",
                    "type": "file"
                },
                {
                    "name": "webdriver_torso.html",
                    "type": "file"
                }
            ]
        },
        {
            "name": "package-lock.json",
            "type": "file"
        },
        {
            "name": "package.json",
            "type": "file"
        },
        {
            "name": "sitemap.xml",
            "type": "file"
        },
        {
            "name": "sw.js",
            "type": "file"
        },
        {
            "name": "tsconfig.json",
            "type": "file"
        },
        {
            "name": "website",
            "type": "directory",
            "children": [
                {
                    "name": "font",
                    "type": "directory",
                    "children": [
                        {
                            "name": "Raleway-Medium.ttf",
                            "type": "file"
                        }
                    ]
                },
                {
                    "name": "image",
                    "type": "directory",
                    "children": [
                        {
                            "name": "Redstone.png",
                            "type": "file"
                        },
                        {
                            "name": "Redstone.svg",
                            "type": "file"
                        },
                        {
                            "name": "arrow.svg",
                            "type": "file"
                        },
                        {
                            "name": "background",
                            "type": "directory",
                            "children": [
                                {
                                    "name": "background_dark.png",
                                    "type": "file"
                                },
                                {
                                    "name": "background_light.png",
                                    "type": "file"
                                }
                            ]
                        },
                        {
                            "name": "circuit_board.png",
                            "type": "file"
                        },
                        {
                            "name": "circuit_board.svg",
                            "type": "file"
                        },
                        {
                            "name": "circuit_board_modified.png",
                            "type": "file"
                        },
                        {
                            "name": "gallery",
                            "type": "directory",
                            "children": [
                                {
                                    "name": "1.png",
                                    "type": "file"
                                },
                                {
                                    "name": "1.webp",
                                    "type": "file"
                                },
                                {
                                    "name": "2.png",
                                    "type": "file"
                                },
                                {
                                    "name": "2.webp",
                                    "type": "file"
                                },
                                {
                                    "name": "3.png",
                                    "type": "file"
                                },
                                {
                                    "name": "3.webp",
                                    "type": "file"
                                },
                                {
                                    "name": "4.png",
                                    "type": "file"
                                },
                                {
                                    "name": "4.webp",
                                    "type": "file"
                                },
                                {
                                    "name": "5.png",
                                    "type": "file"
                                },
                                {
                                    "name": "5.webp",
                                    "type": "file"
                                },
                                {
                                    "name": "6.png",
                                    "type": "file"
                                },
                                {
                                    "name": "6.webp",
                                    "type": "file"
                                },
                                {
                                    "name": "7.png",
                                    "type": "file"
                                },
                                {
                                    "name": "7.webp",
                                    "type": "file"
                                },
                                {
                                    "name": "8.png",
                                    "type": "file"
                                },
                                {
                                    "name": "8.webp",
                                    "type": "file"
                                },
                                {
                                    "name": "9.png",
                                    "type": "file"
                                },
                                {
                                    "name": "9.webp",
                                    "type": "file"
                                }
                            ]
                        },
                        {
                            "name": "logo",
                            "type": "directory",
                            "children": [
                                {
                                    "name": "favicon.ico",
                                    "type": "file"
                                },
                                {
                                    "name": "loading.gif",
                                    "type": "file"
                                },
                                {
                                    "name": "logo.png",
                                    "type": "file"
                                },
                                {
                                    "name": "logo.svg",
                                    "type": "file"
                                },
                                {
                                    "name": "redstone_dust_icon.svg",
                                    "type": "file"
                                }
                            ]
                        },
                        {
                            "name": "logo_long.svg",
                            "type": "file"
                        },
                        {
                            "name": "manifest",
                            "type": "directory",
                            "children": [
                                {
                                    "name": "about.png",
                                    "type": "file"
                                },
                                {
                                    "name": "credit.png",
                                    "type": "file"
                                },
                                {
                                    "name": "download.png",
                                    "type": "file"
                                },
                                {
                                    "name": "gallery.png",
                                    "type": "file"
                                },
                                {
                                    "name": "home.png",
                                    "type": "file"
                                }
                            ]
                        },
                        {
                            "name": "secret_.png",
                            "type": "file"
                        },
                        {
                            "name": "social_preview.png",
                            "type": "file"
                        },
                        {
                            "name": "sus_.png",
                            "type": "file"
                        }
                    ]
                },
                {
                    "name": "json",
                    "type": "directory",
                    "children": [
                        {
                            "name": "commit_data.json",
                            "type": "file"
                        },
                        {
                            "name": "directory_listing.json",
                            "type": "file"
                        },
                        {
                            "name": "website_data.json",
                            "type": "file"
                        }
                    ]
                },
                {
                    "name": "script",
                    "type": "directory",
                    "children": [
                        {
                            "name": "main.js",
                            "type": "file"
                        },
                        {
                            "name": "main.js.map",
                            "type": "file"
                        },
                        {
                            "name": "main.ts",
                            "type": "file"
                        }
                    ]
                },
                {
                    "name": "style",
                    "type": "directory",
                    "children": [
                        {
                            "name": "main.css",
                            "type": "file"
                        },
                        {
                            "name": "main.css.map",
                            "type": "file"
                        },
                        {
                            "name": "main.scss",
                            "type": "file"
                        }
                    ]
                }
            ]
        }
    ]
}